"avatar_c19a55 src","username_c19a55","botText__82f07","timestamp_c19a55","separator_c19a55","hiddenVisually_b18fe2","embedDescription__623de","embedFieldValue__623de","embedFieldValue__623de 2","embedFieldValue__623de 3","embedFieldValue__623de 4","embedFieldValue__623de 5","embedFieldValue__623de 6","embedFieldValue__623de 7","embedFieldValue__623de 8","embedFieldValue__623de 9","timestamp__75297","latin24CompactTimeStamp_c19a55","separator_c19a55 2"
"https://cdn.discordapp.com/avatars/1151206734187216996/e9a6358a5ec27523e796b9fcf10c482e.webp?size=80","Cheddar Options Flow","APP","Yesterday at 11:37 AM","—","Monday, November 17, 2025 at 11:37 AM","Put Sweep","NVDA","185","03/20/2026","Put","Ask","222","$415.1K","265","14,959","a day ago","",""
"","","","","[","Monday, November 17, 2025 at 11:38 AM","Put Sweep","COST","950","03/20/2026","Put","Ask","200","$1.4M","710","948","a day ago","11:38 AM","]"
"","","","","[","Monday, November 17, 2025 at 11:39 AM","Put Sweep","HOOD","115","11/28/2025","Put","Ask","1,000","$540K","3,156","1,574","a day ago","11:39 AM","]"
"","","","","[","Monday, November 17, 2025 at 11:40 AM","Put Sweep","COST","950","03/20/2026","Put","Ask","200","$1.4M","910","948","a day ago","11:40 AM","]"
"","","","","[","Monday, November 17, 2025 at 11:42 AM","Put Sweep","COST","950","03/20/2026","Put","Ask","200","$1.4M","1,315","948","a day ago","11:42 AM","]"
"","","","","[","Monday, November 17, 2025 at 11:42 AM","Put Sweep","NVS","135","04/17/2026","Put","Ask","475","$408.5K","475","432","a day ago","11:42 AM","]"
"","","","","[","Monday, November 17, 2025 at 11:43 AM","Put Sweep","BRBR","27.5","11/21/2025","Put","Above","1,355","$450.7K","1,371","3,106","a day ago","11:43 AM","]"
"","","","","[","Monday, November 17, 2025 at 11:44 AM","Put Sweep","COST","950","03/20/2026","Put","Ask","200","$1.4M","1,515","948","a day ago","11:44 AM","]"
"https://cdn.discordapp.com/avatars/1151206734187216996/e9a6358a5ec27523e796b9fcf10c482e.webp?size=80","Cheddar Options Flow","APP","Yesterday at 11:44 AM","—","Monday, November 17, 2025 at 11:44 AM","Call Sweep","GLD","374","11/21/2025","Call","Ask","1,000","$455K","1,210","2,310","a day ago","",""
"","","","","[","Monday, November 17, 2025 at 11:44 AM","Put Sweep","GLD","376","11/21/2025","Put","Above","1,443","$743.3K","2,291","2,470","a day ago","11:44 AM","]"
"","","","","[","Monday, November 17, 2025 at 11:45 AM","Call Sweep","HUT","40","11/21/2025","Call","Ask","2,998","$659.6K","5,293","3,335","a day ago","11:45 AM","]"
"","","","","[","Monday, November 17, 2025 at 11:46 AM","Unusual Call Sweep","TSLA","415","12/19/2025","Call","Above","850","$2.5M","6,106","1,178","a day ago","11:46 AM","]"
"","","","","[","Monday, November 17, 2025 at 11:47 AM","Call Sweep","TSLA","440","11/21/2025","Call","Above","1,061","$414K","28,177","19,341","a day ago","11:47 AM","]"
"","","","","[","Monday, November 17, 2025 at 11:49 AM","Call Sweep","TSLA","940","09/18/2026","Call","Ask","599","$886.5K","4,516","17,934","a day ago","11:49 AM","]"
"https://cdn.discordapp.com/avatars/1151206734187216996/e9a6358a5ec27523e796b9fcf10c482e.webp?size=80","Cheddar Options Flow","APP","Yesterday at 11:53 AM","—","Monday, November 17, 2025 at 11:53 AM","Call Sweep","TSLA","940","09/18/2026","Call","Ask","300","$451.5K","4,934","17,934","a day ago","",""
"","","","","[","Monday, November 17, 2025 at 11:53 AM","Call Sweep","TSLA","940","09/18/2026","Call","Above","502","$757.5K","5,436","17,934","a day ago","11:53 AM","]"
"","","","","[","Monday, November 17, 2025 at 11:56 AM","Unusual Call Sweep","TSLA","420","11/21/2025","Call","Above","361","$406.2K","75,665","22,235","a day ago","11:56 AM","]"
"https://cdn.discordapp.com/avatars/1151206734187216996/e9a6358a5ec27523e796b9fcf10c482e.webp?size=80","Cheddar Options Flow","APP","Yesterday at 12:00 PM","—","Monday, November 17, 2025 at 12:00 PM","Unusual Call Sweep","TSLA","417.5","11/28/2025","Call","Ask","239","$407.5K","1,697","476","a day ago","",""
"","","","","[","Monday, November 17, 2025 at 12:03 PM","Unusual Put Sweep","RGTI","28","12/12/2025","Put","Ask","1,455","$683.9K","1,489","67","a day ago","12:03 PM","]"
"","","","","[","Monday, November 17, 2025 at 12:04 PM","Call Sweep","NVDA","210","12/19/2025","Call","Ask","4,000","$1.6M","8,952","40,553","a day ago","12:04 PM","]"
"","","","","[","Monday, November 17, 2025 at 12:04 PM","Put Sweep","NVDA","200","01/16/2026","Put","Ask","242","$497.3K","599","13,256","a day ago","12:04 PM","]"
"","","","","[","Monday, November 17, 2025 at 12:06 PM","Put Sweep","GLD","375","11/21/2025","Put","Ask","1,500","$682.5K","1,874","47,869","a day ago","12:06 PM","]"
"https://cdn.discordapp.com/avatars/1151206734187216996/e9a6358a5ec27523e796b9fcf10c482e.webp?size=80","Cheddar Options Flow","APP","Yesterday at 12:12 PM","—","Monday, November 17, 2025 at 12:12 PM","Call Sweep","MU","280","03/20/2026","Call","Ask","200","$634K","1,509","900","a day ago","",""
"https://cdn.discordapp.com/avatars/1151206734187216996/e9a6358a5ec27523e796b9fcf10c482e.webp?size=80","Cheddar Options Flow","APP","Yesterday at 12:27 PM","—","Monday, November 17, 2025 at 12:27 PM","Put Sweep","NVDA","180","01/16/2026","Put","Ask","750","$761.3K","2,520","36,258","a day ago","",""
"","","","","[","Monday, November 17, 2025 at 12:28 PM","Call Sweep","META","610","12/19/2025","Call","Ask","200","$476K","482","2,596","a day ago","12:28 PM","]"
"https://cdn.discordapp.com/avatars/1151206734187216996/e9a6358a5ec27523e796b9fcf10c482e.webp?size=80","Cheddar Options Flow","APP","Yesterday at 1:02 PM","—","Monday, November 17, 2025 at 1:02 PM","Call Sweep","GOOGL","260","12/19/2025","Call","Ask","250","$753.8K","8,836","19,034","a day ago","",""
"https://cdn.discordapp.com/avatars/1151206734187216996/e9a6358a5ec27523e796b9fcf10c482e.webp?size=80","Cheddar Options Flow","APP","Yesterday at 1:16 PM","—","Monday, November 17, 2025 at 1:16 PM","Call Sweep","IREN","60","03/20/2026","Call","Ask","499","$476.5K","5,970","12,939","a day ago","",""
"","","","","[","Monday, November 17, 2025 at 1:18 PM","Call Sweep","NVDA","180","11/21/2025","Call","Ask","1,000","$1.1M","8,254","134,721","a day ago","1:18 PM","]"
"https://cdn.discordapp.com/avatars/1151206734187216996/e9a6358a5ec27523e796b9fcf10c482e.webp?size=80","Cheddar Options Flow","APP","Yesterday at 1:24 PM","—","Monday, November 17, 2025 at 1:24 PM","Unusual Call Sweep","BMNR","33","01/21/2028","Call","Above","550","$1M","579","79","a day ago","",""
"","","","","[","Monday, November 17, 2025 at 1:25 PM","Call Sweep","GOOG","325","02/20/2026","Call","Ask","433","$420K","1,086","1,900","a day ago","1:25 PM","]"
"","","","","[","Monday, November 17, 2025 at 1:28 PM","Put Sweep","NVO","45","01/16/2026","Put","Ask","3,530","$794.3K","4,226","30,347","a day ago","1:28 PM","]"
"","","","","[","Monday, November 17, 2025 at 1:30 PM","Put Sweep","GLD","370","01/16/2026","Put","Ask","658","$625.1K","690","5,500","a day ago","1:30 PM","]"
"https://cdn.discordapp.com/avatars/1151206734187216996/e9a6358a5ec27523e796b9fcf10c482e.webp?size=80","Cheddar Options Flow","APP","Yesterday at 1:31 PM","—","Monday, November 17, 2025 at 1:31 PM","Put Sweep","TSLA","410","11/21/2025","Put","Ask","499","$481.5K","33,916","14,291","a day ago","",""
"","","","","[","Monday, November 17, 2025 at 1:34 PM","Unusual Call Sweep","NVDA","175","12/05/2025","Call","Ask","1,896","$3.2M","17,397","596","a day ago","1:34 PM","]"
"","","","","[","Monday, November 17, 2025 at 1:38 PM","Put Sweep","PLTR","155","03/20/2026","Put","Ask","300","$444K","786","1,954","a day ago","1:38 PM","]"
"https://cdn.discordapp.com/avatars/1151206734187216996/e9a6358a5ec27523e796b9fcf10c482e.webp?size=80","Cheddar Options Flow","APP","Yesterday at 1:39 PM","—","Monday, November 17, 2025 at 1:39 PM","Put Sweep","PLTR","155","03/20/2026","Put","Ask","400","$596K","1,208","1,954","a day ago","",""
"","","","","[","Monday, November 17, 2025 at 1:39 PM","Put Sweep","HOOD","70","06/18/2026","Put","Ask","1,000","$520K","2,301","1,901","a day ago","1:39 PM","]"
"","","","","[","Monday, November 17, 2025 at 1:39 PM","Put Sweep","HOOD","70","06/18/2026","Put","Ask","1,000","$520K","3,315","1,901","a day ago","1:39 PM","]"
"","","","","[","Monday, November 17, 2025 at 1:40 PM","Put Sweep","PLTR","155","03/20/2026","Put","Ask","400","$594K","1,608","1,954","a day ago","1:40 PM","]"
"","","","","[","Monday, November 17, 2025 at 1:41 PM","Put Sweep","HOOD","70","06/18/2026","Put","Ask","1,000","$520K","4,320","1,901","a day ago","1:41 PM","]"
"","","","","[","Monday, November 17, 2025 at 1:44 PM","Put Sweep","TSLA","410","11/21/2025","Put","Above","500","$458.2K","37,417","14,291","a day ago","1:44 PM","]"
"https://cdn.discordapp.com/avatars/1151206734187216996/e9a6358a5ec27523e796b9fcf10c482e.webp?size=80","Cheddar Options Flow","APP","Yesterday at 1:46 PM","—","Monday, November 17, 2025 at 1:46 PM","Put Sweep","NVDA","180","01/16/2026","Put","Above","650","$696.4K","3,603","36,258","a day ago","",""
"","","","","[","Monday, November 17, 2025 at 1:46 PM","Put Sweep","IBIT","49","01/16/2026","Put","Ask","1,508","$417.7K","1,638","6,328","a day ago","1:46 PM","]"
"","","","","[","Monday, November 17, 2025 at 1:48 PM","Put Sweep","PLTR","155","03/20/2026","Put","Ask","400","$604K","2,808","1,954","a day ago","1:48 PM","]"
"","","","","[","Monday, November 17, 2025 at 1:51 PM","Call Sweep","NVDA","190","06/18/2026","Call","Ask","1,150","$3.2M","1,272","30,641","a day ago","1:51 PM","]"
"","","","","[","Monday, November 17, 2025 at 1:51 PM","Put Sweep","MSTR","210","11/21/2025","Put","Ask","205","$422.3K","2,008","7,691","a day ago","1:51 PM","]"
"https://cdn.discordapp.com/avatars/1151206734187216996/e9a6358a5ec27523e796b9fcf10c482e.webp?size=80","Cheddar Options Flow","APP","Yesterday at 2:01 PM","—","Monday, November 17, 2025 at 2:01 PM","Unusual Call Sweep","AMGN","410","12/18/2026","Call","Ask","500","$780K","503","7","a day ago","",""
"","","","","[","Monday, November 17, 2025 at 2:06 PM","Put Sweep","COIN","200","06/18/2026","Put","Ask","1,785","$3.8M","1,808","2,807","a day ago","2:06 PM","]"
"https://cdn.discordapp.com/avatars/1151206734187216996/e9a6358a5ec27523e796b9fcf10c482e.webp?size=80","Cheddar Options Flow","APP","Yesterday at 2:08 PM","—","Monday, November 17, 2025 at 2:08 PM","Put Sweep","COIN","200","06/18/2026","Put","Ask","605","$1.3M","2,823","2,807","a day ago","",""
"","","","","[","Monday, November 17, 2025 at 2:12 PM","Put Sweep","AAPL","240","01/16/2026","Put","Ask","1,993","$474.3K","4,522","19,160","a day ago","2:12 PM","]"
"https://cdn.discordapp.com/avatars/1151206734187216996/e9a6358a5ec27523e796b9fcf10c482e.webp?size=80","Cheddar Options Flow","APP","Yesterday at 2:30 PM","—","Monday, November 17, 2025 at 2:30 PM","Call Sweep","GOOGL","295","06/17/2027","Call","Ask","233","$1.3M","540","2,369","a day ago","",""
"","","","","[","Monday, November 17, 2025 at 2:34 PM","Call Sweep","NVDA","185","11/21/2025","Call","Ask","2,004","$1.4M","20,798","44,777","a day ago","2:34 PM","]"
"https://cdn.discordapp.com/avatars/1151206734187216996/e9a6358a5ec27523e796b9fcf10c482e.webp?size=80","Cheddar Options Flow","APP","Yesterday at 2:38 PM","—","Monday, November 17, 2025 at 2:38 PM","Put Sweep","META","600","01/16/2026","Put","Ask","250","$782.5K","1,073","13,699","a day ago","",""
"","","","","[","Monday, November 17, 2025 at 2:40 PM","Call Sweep","BMNR","40","01/16/2026","Call","Ask","2,500","$775K","4,191","8,500","a day ago","2:40 PM","]"
"","","","","[","Monday, November 17, 2025 at 2:41 PM","Put Sweep","ORCL","175","09/18/2026","Put","Ask","388","$692.6K","399","1,373","a day ago","2:41 PM","]"
"","","","","[","Monday, November 17, 2025 at 2:43 PM","Call Sweep","NVDA","195","12/18/2026","Call","Above","193","$677.5K","990","2,656","a day ago","2:43 PM","]"
"","","","","[","Monday, November 17, 2025 at 2:45 PM","Put Sweep","XLE","89","01/16/2026","Put","Ask","5,003","$1.3M","8,209","7,884","a day ago","2:45 PM","]"
"","","","","[","Monday, November 17, 2025 at 2:45 PM","Unusual Put Sweep","KKR","115","01/21/2028","Put","Ask","228","$490.2K","328","4","a day ago","2:45 PM","]"
"https://cdn.discordapp.com/avatars/1151206734187216996/e9a6358a5ec27523e796b9fcf10c482e.webp?size=80","Cheddar Options Flow","APP","Yesterday at 2:47 PM","—","Monday, November 17, 2025 at 2:47 PM","Unusual Put Sweep","KKR","115","01/21/2028","Put","Ask","241","$520.6K","742","4","a day ago","",""
"","","","","[","Monday, November 17, 2025 at 2:50 PM","Put Sweep","NVDA","185","12/19/2025","Put","Ask","500","$560K","4,186","23,766","a day ago","2:50 PM","]"
"https://cdn.discordapp.com/avatars/1151206734187216996/e9a6358a5ec27523e796b9fcf10c482e.webp?size=80","Cheddar Options Flow","APP","Yesterday at 2:54 PM","—","Monday, November 17, 2025 at 2:54 PM","Unusual Put Sweep","KKR","115","01/21/2028","Put","Ask","252","$546.8K","1,004","4","a day ago","",""
"https://cdn.discordapp.com/avatars/1151206734187216996/e9a6358a5ec27523e796b9fcf10c482e.webp?size=80","Cheddar Options Flow","APP","Yesterday at 3:07 PM","—","Monday, November 17, 2025 at 3:07 PM","Put Sweep","IBIT","50","12/19/2025","Put","Above","2,501","$577.8K","10,836","19,216","a day ago","",""
"","","","","[","Monday, November 17, 2025 at 3:08 PM","Put Sweep","IBIT","50","12/19/2025","Put","Above","2,500","$583.2K","13,348","19,216","a day ago","3:08 PM","]"
"","","","","[","Monday, November 17, 2025 at 3:10 PM","Put Sweep","MU","230","11/21/2025","Put","Ask","966","$434.7K","2,997","3,216","a day ago","3:10 PM","]"
"","","","","[","Monday, November 17, 2025 at 3:11 PM","Put Sweep","DELL","135","11/28/2025","Put","Ask","250","$418.8K","314","1,087","a day ago","3:11 PM","]"
"","","","","[","Monday, November 17, 2025 at 3:13 PM","Put Sweep","PDD","120","12/19/2025","Put","Ask","2,185","$489.4K","2,823","11,340","a day ago","3:13 PM","]"
"","","","","[","Monday, November 17, 2025 at 3:13 PM","Call Sweep","META","570","12/18/2026","Call","Ask","186","$2.2M","193","302","a day ago","3:13 PM","]"
"https://cdn.discordapp.com/avatars/1151206734187216996/e9a6358a5ec27523e796b9fcf10c482e.webp?size=80","Cheddar Options Flow","APP","Yesterday at 3:15 PM","—","Monday, November 17, 2025 at 3:15 PM","Put Sweep","DELL","135","11/28/2025","Put","Ask","250","$418.8K","564","1,087","a day ago","",""
"","","","","[","Monday, November 17, 2025 at 3:15 PM","Call Sweep","AAPL","250","12/12/2025","Call","Ask","788","$1.5M","831","834","a day ago","3:15 PM","]"
"","","","","[","Monday, November 17, 2025 at 3:19 PM","Put Sweep","XLK","275","12/19/2025","Put","Ask","1,182","$827.4K","1,213","2,825","a day ago","3:19 PM","]"
"","","","","[","Monday, November 17, 2025 at 3:20 PM","Unusual Call Sweep","MSTR","190","11/21/2025","Call","Ask","450","$427.5K","4,277","166","a day ago","3:20 PM","]"
"","","","","[","Monday, November 17, 2025 at 3:21 PM","Call Sweep","NFLX","104","12/19/2025","Call","Ask","600","$489K","650","0","a day ago","3:21 PM","]"
"https://cdn.discordapp.com/avatars/1151206734187216996/e9a6358a5ec27523e796b9fcf10c482e.webp?size=80","Cheddar Options Flow","APP","Yesterday at 3:22 PM","—","Monday, November 17, 2025 at 3:22 PM","Call Sweep","S","19","03/20/2026","Call","Ask","3,201","$400.1K","3,203","5,481","a day ago","",""
"","","","","[","Monday, November 17, 2025 at 3:24 PM","Put Sweep","ORCL","220","03/20/2026","Put","Ask","182","$504.1K","619","4,568","a day ago","3:24 PM","]"
"","","","","[","Monday, November 17, 2025 at 3:24 PM","Put Sweep","ORCL","220","03/20/2026","Put","Ask","182","$504.1K","619","4,568","a day ago","3:24 PM","]"
"https://cdn.discordapp.com/avatars/1151206734187216996/e9a6358a5ec27523e796b9fcf10c482e.webp?size=80","Cheddar Options Flow","APP","Yesterday at 3:38 PM","—","Monday, November 17, 2025 at 3:38 PM","Call Sweep","INTC","35","09/18/2026","Call","Above","1,120","$776.8K","1,185","3,708","a day ago","",""
"","","","","[","Monday, November 17, 2025 at 3:38 PM","Call Sweep","BABA","150","01/16/2026","Call","Ask","290","$472.7K","345","13,680","a day ago","3:38 PM","]"
"","","","","[","Monday, November 17, 2025 at 3:44 PM","Call Sweep","IREN","40","01/15/2027","Call","Ask","250","$616.3K","822","14,025","a day ago","3:44 PM","]"
"https://cdn.discordapp.com/avatars/1151206734187216996/e9a6358a5ec27523e796b9fcf10c482e.webp?size=80","Cheddar Options Flow","APP","Yesterday at 3:45 PM","—","Monday, November 17, 2025 at 3:45 PM","Put Sweep","TSLA","380","12/19/2025","Put","Ask","500","$682.5K","2,771","9,351","a day ago","",""
"","","","","[","Monday, November 17, 2025 at 3:48 PM","Call Sweep","IREN","35","01/15/2027","Call","Ask","475","$1.3M","482","12,557","a day ago","3:48 PM","]"
"https://cdn.discordapp.com/avatars/1151206734187216996/e9a6358a5ec27523e796b9fcf10c482e.webp?size=80","Cheddar Options Flow","APP","Yesterday at 3:58 PM","—","Monday, November 17, 2025 at 3:58 PM","Unusual Put Sweep","MU","230","11/21/2025","Put","Above","900","$411.6K","10,932","3,216","a day ago","",""
"","","","","[","Monday, November 17, 2025 at 4:00 PM","Put Sweep","CLSK","9","01/16/2026","Put","Ask","5,000","$480K","5,284","2,197","a day ago","4:00 PM","]"
"","","","","[","Monday, November 17, 2025 at 4:02 PM","Call Sweep","COIN","340","12/18/2026","Call","Above","334","$1.7M","334","189","a day ago","4:02 PM","]"
"","","","","[","Monday, November 17, 2025 at 4:05 PM","Call Sweep","NVDA","185","08/21/2026","Call","Ask","181","$592.8K","296","2,192","a day ago","4:05 PM","]"
"https://cdn.discordapp.com/avatars/1151206734187216996/e9a6358a5ec27523e796b9fcf10c482e.webp?size=80","Cheddar Options Flow","APP","9:49 AM","—","Tuesday, November 18, 2025 at 9:49 AM","Call Sweep","NVDA","180","11/21/2025","Call","Above","2,001","$1.8M","2,711","134,589","10 hours ago","",""
"","","","","[","Tuesday, November 18, 2025 at 9:50 AM","Call Sweep","NVDA","195","11/21/2025","Call","Above","3,587","$929.8K","18,679","80,874","10 hours ago","9:50 AM","]"
"","","","","[","Tuesday, November 18, 2025 at 9:53 AM","Put Sweep","ETHA","30","03/20/2026","Put","Ask","498","$420.8K","498","5,474","10 hours ago","9:53 AM","]"
"","","","","[","Tuesday, November 18, 2025 at 9:54 AM","Call Sweep","COIN","270","11/21/2025","Call","Above","528","$438.1K","1,791","3,990","10 hours ago","9:54 AM","]"
"","","","","[","Tuesday, November 18, 2025 at 9:55 AM","Call Sweep","AMZN","235","06/18/2026","Call","Ask","434","$1.1M","627","4,189","10 hours ago","9:55 AM","]"
"https://cdn.discordapp.com/avatars/1151206734187216996/e9a6358a5ec27523e796b9fcf10c482e.webp?size=80","Cheddar Options Flow","APP","10:01 AM","—","Tuesday, November 18, 2025 at 10:01 AM","Put Sweep","NVDA","172.5","11/21/2025","Put","Ask","9,745","$2.7M","12,794","9,398","10 hours ago","",""
"","","","","[","Tuesday, November 18, 2025 at 10:02 AM","Put Sweep","TSLA","400","11/21/2025","Put","Above","694","$714.6K","18,987","33,494","10 hours ago","10:02 AM","]"
"","","","","[","Tuesday, November 18, 2025 at 10:07 AM","Call Sweep","NVDA","200","06/18/2026","Call","Ask","200","$412K","362","52,277","10 hours ago","10:07 AM","]"
"https://cdn.discordapp.com/avatars/1151206734187216996/e9a6358a5ec27523e796b9fcf10c482e.webp?size=80","Cheddar Options Flow","APP","10:10 AM","—","Tuesday, November 18, 2025 at 10:10 AM","Highly Unusual Put Sweep","NVDA","155","11/28/2025","Put","Ask","9,845","$984.5K","10,425","3,974","10 hours ago","",""
"","","","","[","Tuesday, November 18, 2025 at 10:11 AM","Put Sweep","NVDA","185","11/21/2025","Put","Above","2,538","$2.4M","9,271","70,948","10 hours ago","10:11 AM","]"
"","","","","[","Tuesday, November 18, 2025 at 10:11 AM","Put Sweep","NVDA","205","12/12/2025","Put","Ask","244","$651.5K","259","645","10 hours ago","10:11 AM","]"
"","","","","[","Tuesday, November 18, 2025 at 10:12 AM","Put Sweep","NVDA","180","11/21/2025","Put","Above","17,132","$11.4M","26,512","85,595","10 hours ago","10:12 AM","]"
"","","","","[","Tuesday, November 18, 2025 at 10:13 AM","Put Sweep","ARM","140","03/20/2026","Put","Above","403","$790.2K","1,622","3,681","10 hours ago","10:13 AM","]"
"","","","","[","Tuesday, November 18, 2025 at 10:16 AM","Put Sweep","NVDA","182.5","11/21/2025","Put","Ask","502","$406.6K","6,971","15,691","10 hours ago","10:16 AM","]"
"","","","","[","Tuesday, November 18, 2025 at 10:17 AM","Call Sweep","UNH","410","01/15/2027","Call","Ask","500","$1.2M","501","1,789","10 hours ago","10:17 AM","]"
"","","","","[","Tuesday, November 18, 2025 at 10:17 AM","Put Sweep","SOXL","34","12/19/2025","Put","Ask","1,277","$657.7K","1,378","626","10 hours ago","10:17 AM","]"
"https://cdn.discordapp.com/avatars/1151206734187216996/e9a6358a5ec27523e796b9fcf10c482e.webp?size=80","Cheddar Options Flow","APP","10:18 AM","—","Tuesday, November 18, 2025 at 10:18 AM","Put Sweep","AMZN","220","11/21/2025","Put","Above","2,420","$726.2K","12,817","28,119","10 hours ago","",""
"","","","","[","Tuesday, November 18, 2025 at 10:21 AM","Call Sweep","UNH","520","01/21/2028","Call","Ask","200","$448K","1,400","2,641","10 hours ago","10:21 AM","]"
"","","","","[","Tuesday, November 18, 2025 at 10:21 AM","Call Sweep","INTU","650","12/19/2025","Call","Above","155","$509.9K","326","289","10 hours ago","10:21 AM","]"
"","","","","[","Tuesday, November 18, 2025 at 10:23 AM","Call Sweep","NVDA","180","11/21/2025","Call","Above","604","$462.8K","10,306","134,589","10 hours ago","10:23 AM","]"
"","","","","[","Tuesday, November 18, 2025 at 10:23 AM","Call Sweep","NVDA","185","04/17/2026","Call","Ask","1,000","$2.2M","1,109","5,087","10 hours ago","10:23 AM","]"
"","","","","[","Tuesday, November 18, 2025 at 10:23 AM","Put Sweep","URA","47","12/19/2025","Put","Ask","2,266","$1.2M","2,267","4,475","10 hours ago","10:23 AM","]"
"","","","","[","Tuesday, November 18, 2025 at 10:24 AM","Put Sweep","NVDA","180","09/18/2026","Put","Ask","400","$1.1M","420","6,978","10 hours ago","10:24 AM","]"
"https://cdn.discordapp.com/avatars/1151206734187216996/e9a6358a5ec27523e796b9fcf10c482e.webp?size=80","Cheddar Options Flow","APP","10:25 AM","—","Tuesday, November 18, 2025 at 10:25 AM","Put Sweep","SNDK","230","11/28/2025","Put","Above","306","$484.9K","372","1,090","9 hours ago","",""
"","","","","[","Tuesday, November 18, 2025 at 10:29 AM","Call Sweep","CIFR","20","03/20/2026","Call","Ask","2,098","$493K","2,154","8,252","9 hours ago","10:29 AM","]"
"","","","","[","Tuesday, November 18, 2025 at 10:31 AM","Put Sweep","PSTG","85","03/20/2026","Put","Ask","361","$472.9K","569","477","9 hours ago","10:31 AM","]"
"","","","","[","Tuesday, November 18, 2025 at 10:31 AM","Put Sweep","PSTG","85","03/20/2026","Put","Ask","361","$472.9K","569","477","9 hours ago","10:31 AM","]"
"","","","","[","Tuesday, November 18, 2025 at 10:32 AM","Unusual Put Sweep","BE","90","04/17/2026","Put","Ask","207","$447.1K","210","63","9 hours ago","10:32 AM","]"
"https://cdn.discordapp.com/avatars/1151206734187216996/e9a6358a5ec27523e796b9fcf10c482e.webp?size=80","Cheddar Options Flow","APP","10:35 AM","—","Tuesday, November 18, 2025 at 10:35 AM","Call Sweep","NVDA","170","11/28/2025","Call","Ask","347","$539.6K","601","1,169","9 hours ago","",""
"","","","","[","Tuesday, November 18, 2025 at 10:35 AM","Call Sweep","NVDA","170","11/28/2025","Call","Above","2,205","$3.5M","2,808","1,169","9 hours ago","10:35 AM","]"
"","","","","[","Tuesday, November 18, 2025 at 10:35 AM","Unusual Call Sweep","NVDA","170","11/28/2025","Call","Above","2,503","$4M","5,322","1,169","9 hours ago","10:35 AM","]"
"","","","","[","Tuesday, November 18, 2025 at 10:35 AM","Unusual Call Sweep","NVDA","170","11/28/2025","Call","Above","2,002","$3.2M","7,325","1,169","9 hours ago","10:35 AM","]"
"","","","","[","Tuesday, November 18, 2025 at 10:36 AM","Unusual Put Sweep","TER","160","02/20/2026","Put","Ask","385","$654.5K","710","60","9 hours ago","10:36 AM","]"
"","","","","[","Tuesday, November 18, 2025 at 10:37 AM","Put Sweep","NFLX","112","03/20/2026","Put","Ask","972","$835.9K","3,144","3,875","9 hours ago","10:37 AM","]"
"https://cdn.discordapp.com/avatars/1151206734187216996/e9a6358a5ec27523e796b9fcf10c482e.webp?size=80","Cheddar Options Flow","APP","10:44 AM","—","Tuesday, November 18, 2025 at 10:44 AM","Put Sweep","GS","815","12/19/2025","Put","Above","318","$1.8M","325","672","9 hours ago","",""
"","","","","[","Tuesday, November 18, 2025 at 10:47 AM","Call Sweep","IREN","60","03/20/2026","Call","Ask","1,530","$1.4M","1,709","7,148","9 hours ago","10:47 AM","]"
"","","","","[","Tuesday, November 18, 2025 at 10:47 AM","Call Sweep","IREN","60","03/20/2026","Call","Ask","600","$564K","2,309","7,148","9 hours ago","10:47 AM","]"
"https://cdn.discordapp.com/avatars/1151206734187216996/e9a6358a5ec27523e796b9fcf10c482e.webp?size=80","Cheddar Options Flow","APP","10:56 AM","—","Tuesday, November 18, 2025 at 10:56 AM","Unusual Call Sweep","NVDA","170","11/28/2025","Call","Ask","500","$775K","11,056","1,169","9 hours ago","",""
"","","","","[","Tuesday, November 18, 2025 at 10:56 AM","Call Sweep","HOOD","90","03/19/2027","Call","Above","200","$960.7K","600","605","9 hours ago","10:56 AM","]"
"","","","","[","Tuesday, November 18, 2025 at 10:58 AM","Unusual Call Sweep","TSLA","395","11/21/2025","Call","Ask","452","$551.4K","9,029","2,332","9 hours ago","10:58 AM","]"
"","","","","[","Tuesday, November 18, 2025 at 10:59 AM","Put Sweep","SLV","47","01/21/2028","Put","Ask","620","$545.6K","636","1,042","9 hours ago","10:59 AM","]"
"https://cdn.discordapp.com/avatars/1151206734187216996/e9a6358a5ec27523e796b9fcf10c482e.webp?size=80","Cheddar Options Flow","APP","11:05 AM","—","Tuesday, November 18, 2025 at 11:05 AM","Put Sweep","TSLA","380","01/16/2026","Put","Ask","176","$453.2K","334","7,069","9 hours ago","",""
"","","","","[","Tuesday, November 18, 2025 at 11:08 AM","Put Sweep","ASTS","50","01/21/2028","Put","Ask","817","$1.9M","825","465","9 hours ago","11:08 AM","]"
"","","","","[","Tuesday, November 18, 2025 at 11:10 AM","Put Sweep","NVDA","175","09/18/2026","Put","Ask","400","$968K","429","4,868","9 hours ago","11:10 AM","]"
"","","","","[","Tuesday, November 18, 2025 at 11:10 AM","Put Sweep","ARM","140","02/20/2026","Put","Ask","500","$942.5K","505","2,072","9 hours ago","11:10 AM","]"
"","","","","[","Tuesday, November 18, 2025 at 11:11 AM","Put Sweep","NVDA","175","09/18/2026","Put","Ask","202","$486.8K","631","4,868","9 hours ago","11:11 AM","]"
"","","","","[","Tuesday, November 18, 2025 at 11:11 AM","Put Sweep","ARM","140","02/20/2026","Put","Ask","373","$693.8K","1,100","2,072","9 hours ago","11:11 AM","]"
"","","","","[","Tuesday, November 18, 2025 at 11:12 AM","Call Sweep","NVDA","185","12/26/2025","Call","Ask","499","$546.4K","1,441","1,220","9 hours ago","11:12 AM","]"
"https://cdn.discordapp.com/avatars/1151206734187216996/e9a6358a5ec27523e796b9fcf10c482e.webp?size=80","Cheddar Options Flow","APP","11:14 AM","—","Tuesday, November 18, 2025 at 11:14 AM","Put Sweep","NVDA","180","11/21/2025","Put","Ask","854","$555.1K","39,042","85,595","9 hours ago","",""
"","","","","[","Tuesday, November 18, 2025 at 11:16 AM","Put Sweep","NVDA","200","01/16/2026","Put","Above","228","$578K","1,193","13,629","9 hours ago","11:16 AM","]"
"","","","","[","Tuesday, November 18, 2025 at 11:16 AM","Call Sweep","TSLA","400","12/26/2025","Call","Ask","175","$478.6K","619","3,291","9 hours ago","11:16 AM","]"
"","","","","[","Tuesday, November 18, 2025 at 11:17 AM","Put Sweep","HOOD","70","06/18/2026","Put","Ask","1,573","$880.9K","3,710","10,347","9 hours ago","11:17 AM","]"
"","","","","[","Tuesday, November 18, 2025 at 11:17 AM","Put Sweep","ARM","140","02/20/2026","Put","Above","220","$425.6K","1,510","2,072","9 hours ago","11:17 AM","]"
"","","","","[","Tuesday, November 18, 2025 at 11:19 AM","Call Sweep","NBIS","120","03/20/2026","Call","Ask","1,150","$1.2M","1,213","3,214","9 hours ago","11:19 AM","]"
"","","","","[","Tuesday, November 18, 2025 at 11:19 AM","Unusual Put Sweep","WDC","160","03/20/2026","Put","Ask","500","$1.5M","507","91","9 hours ago","11:19 AM","]"
"https://cdn.discordapp.com/avatars/1151206734187216996/e9a6358a5ec27523e796b9fcf10c482e.webp?size=80","Cheddar Options Flow","APP","11:25 AM","—","Tuesday, November 18, 2025 at 11:25 AM","Call Sweep","ASTS","60","12/19/2025","Call","Ask","1,327","$663.5K","1,486","1,645","9 hours ago","",""
"","","","","[","Tuesday, November 18, 2025 at 11:28 AM","Put Sweep","BMNR","35","04/17/2026","Put","Ask","501","$526.1K","508","566","8 hours ago","11:28 AM","]"
"","","","","[","Tuesday, November 18, 2025 at 11:31 AM","Unusual Put Sweep","XRT","78","03/20/2026","Put","Ask","1,766","$812.3K","3,767","36","8 hours ago","11:31 AM","]"
"https://cdn.discordapp.com/avatars/1151206734187216996/e9a6358a5ec27523e796b9fcf10c482e.webp?size=80","Cheddar Options Flow","APP","11:37 AM","—","Tuesday, November 18, 2025 at 11:37 AM","Put Sweep","PLTR","155","01/16/2026","Put","Ask","1,000","$910K","5,093","7,658","8 hours ago","",""
"","","","","[","Tuesday, November 18, 2025 at 11:37 AM","Call Sweep","GOOG","300","01/16/2026","Call","Ask","646","$671.8K","1,239","10,099","8 hours ago","11:37 AM","]"
"","","","","[","Tuesday, November 18, 2025 at 11:39 AM","Call Sweep","OSCR","10","01/15/2027","Call","Ask","2,572","$1.9M","2,580","23,157","8 hours ago","11:39 AM","]"
"","","","","[","Tuesday, November 18, 2025 at 11:39 AM","Put Sweep","WMT","105","03/20/2026","Put","Ask","945","$713.5K","2,006","1,323","8 hours ago","11:39 AM","]"
"","","","","[","Tuesday, November 18, 2025 at 11:40 AM","Put Sweep","WMT","105","03/20/2026","Put","Ask","1,000","$750K","3,006","1,323","8 hours ago","11:40 AM","]"
"","","","","[","Tuesday, November 18, 2025 at 11:41 AM","Call Sweep","OSCR","10","01/15/2027","Call","Ask","3,000","$2.2M","6,008","23,157","8 hours ago","11:41 AM","]"
"","","","","[","Tuesday, November 18, 2025 at 11:42 AM","Unusual Put Sweep","WMT","105","03/20/2026","Put","Ask","1,000","$755K","4,006","1,323","8 hours ago","11:42 AM","]"
"","","","","[","Tuesday, November 18, 2025 at 11:43 AM","Put Sweep","MU","200","01/16/2026","Put","Above","350","$441.5K","496","3,599","8 hours ago","11:43 AM","]"
"","","","","[","Tuesday, November 18, 2025 at 11:43 AM","Call Sweep","TSLA","470","12/19/2025","Call","Above","1,300","$923.1K","4,704","5,892","8 hours ago","11:43 AM","]"
"https://cdn.discordapp.com/avatars/1151206734187216996/e9a6358a5ec27523e796b9fcf10c482e.webp?size=80","Cheddar Options Flow","APP","11:44 AM","—","Tuesday, November 18, 2025 at 11:44 AM","Call Sweep","CRWV","80","11/28/2025","Call","Ask","1,998","$699.3K","3,772","6,549","8 hours ago","",""
"","","","","[","Tuesday, November 18, 2025 at 11:44 AM","Put Sweep","META","580","12/19/2025","Put","Ask","223","$403.6K","786","3,691","8 hours ago","11:44 AM","]"
"","","","","[","Tuesday, November 18, 2025 at 11:44 AM","Call Sweep","ZTS","75","01/21/2028","Call","Ask","216","$1.1M","216","5,844","8 hours ago","11:44 AM","]"
"https://cdn.discordapp.com/avatars/1151206734187216996/e9a6358a5ec27523e796b9fcf10c482e.webp?size=80","Cheddar Options Flow","APP","11:55 AM","—","Tuesday, November 18, 2025 at 11:55 AM","Put Sweep","AMD","210","02/20/2026","Put","Ask","600","$969K","773","2,904","8 hours ago","",""
"","","","","[","Tuesday, November 18, 2025 at 11:58 AM","Call Sweep","HOOD","120","01/16/2026","Call","Ask","400","$468K","1,069","15,732","8 hours ago","11:58 AM","]"
"","","","","[","Tuesday, November 18, 2025 at 11:59 AM","Call Sweep","PDD","120","12/19/2025","Call","Ask","1,004","$497K","1,586","14,123","8 hours ago","11:59 AM","]"
"https://cdn.discordapp.com/avatars/1151206734187216996/e9a6358a5ec27523e796b9fcf10c482e.webp?size=80","Cheddar Options Flow","APP","12:03 PM","—","Tuesday, November 18, 2025 at 12:03 PM","Call Sweep","TSLA","380","11/21/2025","Call","Above","160","$421.8K","14,770","5,337","8 hours ago","",""
"","","","","[","Tuesday, November 18, 2025 at 12:04 PM","Call Sweep","NVDA","190","03/20/2026","Call","Ask","250","$473.8K","1,048","40,444","8 hours ago","12:04 PM","]"
"","","","","[","Tuesday, November 18, 2025 at 12:09 PM","Call Sweep","TQQQ","100","01/21/2028","Call","Ask","164","$614.2K","550","1,131","8 hours ago","12:09 PM","]"
"https://cdn.discordapp.com/avatars/1151206734187216996/e9a6358a5ec27523e796b9fcf10c482e.webp?size=80","Cheddar Options Flow","APP","12:19 PM","—","Tuesday, November 18, 2025 at 12:19 PM","Call Sweep","AMZN","220","11/28/2025","Call","Ask","483","$405.7K","1,464","505","8 hours ago","",""
"","","","","[","Tuesday, November 18, 2025 at 12:19 PM","Call Sweep","OSCR","10","01/15/2027","Call","Ask","996","$727.1K","10,446","23,157","8 hours ago","12:19 PM","]"
"","","","","[","Tuesday, November 18, 2025 at 12:20 PM","Call Sweep","AMD","260","01/16/2026","Call","Ask","400","$452K","1,064","6,498","8 hours ago","12:20 PM","]"
"https://cdn.discordapp.com/avatars/1151206734187216996/e9a6358a5ec27523e796b9fcf10c482e.webp?size=80","Cheddar Options Flow","APP","12:28 PM","—","Tuesday, November 18, 2025 at 12:28 PM","Put Sweep","ON","45","12/19/2025","Put","Above","1,911","$476.7K","2,348","1,816","7 hours ago","",""
"","","","","[","Tuesday, November 18, 2025 at 12:29 PM","Put Sweep","CEG","350","12/19/2025","Put","Above","221","$600.4K","222","2,674","7 hours ago","12:29 PM","]"
"","","","","[","Tuesday, November 18, 2025 at 12:30 PM","Call Sweep","IREN","60","01/16/2026","Call","Ask","839","$461.5K","1,971","11,085","7 hours ago","12:30 PM","]"
"","","","","[","Tuesday, November 18, 2025 at 12:35 PM","Call Sweep","UNH","460","01/21/2028","Call","Above","200","$636.1K","214","725","7 hours ago","12:35 PM","]"
"https://cdn.discordapp.com/avatars/1151206734187216996/e9a6358a5ec27523e796b9fcf10c482e.webp?size=80","Cheddar Options Flow","APP","12:36 PM","—","Tuesday, November 18, 2025 at 12:36 PM","Call Sweep","NVDA","190","11/28/2025","Call","Ask","769","$411.4K","17,748","24,090","7 hours ago","",""
"","","","","[","Tuesday, November 18, 2025 at 12:38 PM","Unusual Call Sweep","NVDA","182.5","11/21/2025","Call","Ask","1,080","$777.6K","22,293","5,885","7 hours ago","12:38 PM","]"
"https://cdn.discordapp.com/avatars/1151206734187216996/e9a6358a5ec27523e796b9fcf10c482e.webp?size=80","Cheddar Options Flow","APP","12:46 PM","—","Tuesday, November 18, 2025 at 12:46 PM","Unusual Put Sweep","AAPL","267.5","12/05/2025","Put","Ask","1,081","$648.6K","1,344","142","7 hours ago","",""
"https://cdn.discordapp.com/avatars/1151206734187216996/e9a6358a5ec27523e796b9fcf10c482e.webp?size=80","Cheddar Options Flow","APP","12:58 PM","—","Tuesday, November 18, 2025 at 12:58 PM","Put Sweep","MRVL","85","11/21/2025","Put","Ask","864","$483.8K","990","8,501","7 hours ago","",""
"","","","","[","Tuesday, November 18, 2025 at 1:00 PM","Call Sweep","NVDA","180","11/21/2025","Call","Above","751","$706.4K","27,580","134,589","7 hours ago","1:00 PM","]"
"https://cdn.discordapp.com/avatars/1151206734187216996/e9a6358a5ec27523e796b9fcf10c482e.webp?size=80","Cheddar Options Flow","APP","1:12 PM","—","Tuesday, November 18, 2025 at 1:12 PM","Call Sweep","NVDA","195","11/21/2025","Call","Ask","1,397","$433.1K","62,868","80,874","7 hours ago","",""
"","","","","[","Tuesday, November 18, 2025 at 1:12 PM","Call Sweep","TSLA","500","12/18/2026","Call","Ask","150","$1.1M","1,252","6,059","7 hours ago","1:12 PM","]"
"","","","","[","Tuesday, November 18, 2025 at 1:17 PM","Unusual Call Sweep","NVDA","170","11/28/2025","Call","Ask","229","$401.9K","20,065","1,169","7 hours ago","1:17 PM","]"
"https://cdn.discordapp.com/avatars/1151206734187216996/e9a6358a5ec27523e796b9fcf10c482e.webp?size=80","Cheddar Options Flow","APP","1:38 PM","—","Tuesday, November 18, 2025 at 1:38 PM","Call Sweep","NFLX","113","11/21/2025","Call","Ask","1,582","$458.8K","13,784","12,138","6 hours ago","",""
"","","","","[","Tuesday, November 18, 2025 at 1:41 PM","Call Sweep","OSCR","17","01/16/2026","Call","Ask","4,500","$495K","4,533","6,101","6 hours ago","1:41 PM","]"
"https://cdn.discordapp.com/avatars/1151206734187216996/e9a6358a5ec27523e796b9fcf10c482e.webp?size=80","Cheddar Options Flow","APP","1:52 PM","—","Tuesday, November 18, 2025 at 1:52 PM","Put Sweep","NVDL","90","11/21/2025","Put","Ask","698","$561.9K","818","1,143","6 hours ago","",""
"","","","","[","Tuesday, November 18, 2025 at 1:52 PM","Put Sweep","NVO","50","12/19/2025","Put","Ask","1,324","$602.4K","1,669","21,671","6 hours ago","1:52 PM","]"
"https://cdn.discordapp.com/avatars/1151206734187216996/e9a6358a5ec27523e796b9fcf10c482e.webp?size=80","Cheddar Options Flow","APP","2:04 PM","—","Tuesday, November 18, 2025 at 2:04 PM","Call Sweep","INTC","40","02/20/2026","Call","Above","10,000","$2.3M","10,493","6,129","6 hours ago","",""
"","","","","[","Tuesday, November 18, 2025 at 2:06 PM","Call Sweep","INTC","40","02/20/2026","Call","Ask","3,079","$702K","14,427","6,129","6 hours ago","2:06 PM","]"
"","","","","[","Tuesday, November 18, 2025 at 2:10 PM","Unusual Call Sweep","NVDA","170","11/28/2025","Call","Ask","261","$456.8K","23,884","1,169","6 hours ago","2:10 PM","]"
"https://cdn.discordapp.com/avatars/1151206734187216996/e9a6358a5ec27523e796b9fcf10c482e.webp?size=80","Cheddar Options Flow","APP","2:25 PM","—","Tuesday, November 18, 2025 at 2:25 PM","Put Sweep","BMNR","40","01/16/2026","Put","Ask","599","$646.9K","1,393","9,608","6 hours ago","",""
"","","","","[","Tuesday, November 18, 2025 at 2:26 PM","Put Sweep","BMNR","40","01/16/2026","Put","Ask","799","$862.9K","2,557","9,608","5 hours ago","2:26 PM","]"
"","","","","[","Tuesday, November 18, 2025 at 2:29 PM","Call Sweep","SLV","48","12/19/2025","Call","Ask","3,018","$419.5K","15,918","15,999","5 hours ago","2:29 PM","]"
"","","","","[","Tuesday, November 18, 2025 at 2:32 PM","Put Sweep","BMNR","35","01/16/2026","Put","Ask","1,500","$1.1M","1,795","6,620","5 hours ago","2:32 PM","]"
"https://cdn.discordapp.com/avatars/1151206734187216996/e9a6358a5ec27523e796b9fcf10c482e.webp?size=80","Cheddar Options Flow","APP","2:32 PM","—","Tuesday, November 18, 2025 at 2:32 PM","Put Sweep","BMNR","35","01/16/2026","Put","Ask","833","$603.9K","2,628","6,620","5 hours ago","",""
"","","","","[","Tuesday, November 18, 2025 at 2:37 PM","Call Sweep","SLV","40","05/15/2026","Call","Ask","500","$402.5K","2,101","1,065","5 hours ago","2:37 PM","]"
"https://cdn.discordapp.com/avatars/1151206734187216996/e9a6358a5ec27523e796b9fcf10c482e.webp?size=80","Cheddar Options Flow","APP","2:58 PM","—","Tuesday, November 18, 2025 at 2:58 PM","Unusual Call Sweep","NVDA","170","11/28/2025","Call","Ask","1,144","$2M","28,575","1,169","5 hours ago","",""
"","","","","[","Tuesday, November 18, 2025 at 2:58 PM","Call Sweep","NVDA","160","01/16/2026","Call","Ask","585","$1.8M","1,287","43,762","5 hours ago","2:58 PM","]"
"","","","","[","Tuesday, November 18, 2025 at 2:59 PM","Call Sweep","NVDA","150","01/16/2026","Call","Ask","268","$1M","1,469","40,283","5 hours ago","2:59 PM","]"
"","","","","[","Tuesday, November 18, 2025 at 2:59 PM","Call Sweep","NVDA","195","11/21/2025","Call","Ask","1,606","$497.8K","79,844","80,874","5 hours ago","2:59 PM","]"
"","","","","[","Tuesday, November 18, 2025 at 3:02 PM","Call Sweep","AAPL","250","03/20/2026","Call","Ask","154","$469.7K","617","13,568","5 hours ago","3:02 PM","]"
"","","","","[","Tuesday, November 18, 2025 at 3:02 PM","Call Sweep","AAPL","250","02/20/2026","Call","Ask","164","$461.7K","507","5,301","5 hours ago","3:02 PM","]"
"","","","","[","Tuesday, November 18, 2025 at 3:05 PM","Put Sweep","PLTR","170","11/21/2025","Put","Ask","1,685","$834.1K","20,634","15,027","5 hours ago","3:05 PM","]"
"https://cdn.discordapp.com/avatars/1151206734187216996/e9a6358a5ec27523e796b9fcf10c482e.webp?size=80","Cheddar Options Flow","APP","3:09 PM","—","Tuesday, November 18, 2025 at 3:09 PM","Put Sweep","PLTR","170","11/21/2025","Put","Ask","3,294","$1.7M","23,951","15,027","5 hours ago","",""
"https://cdn.discordapp.com/avatars/1151206734187216996/e9a6358a5ec27523e796b9fcf10c482e.webp?size=80","Cheddar Options Flow","APP","3:23 PM","—","Tuesday, November 18, 2025 at 3:23 PM","Call Sweep","META","850","01/21/2028","Call","Above","500","$4M","608","1,815","5 hours ago","",""
"https://cdn.discordapp.com/avatars/1151206734187216996/e9a6358a5ec27523e796b9fcf10c482e.webp?size=80","Cheddar Options Flow","APP","3:43 PM","—","Tuesday, November 18, 2025 at 3:43 PM","Unusual Call Sweep","CRCL","80","01/16/2026","Call","Ask","600","$528K","4,090","668","4 hours ago","",""
"https://cdn.discordapp.com/avatars/1151206734187216996/e9a6358a5ec27523e796b9fcf10c482e.webp?size=80","Cheddar Options Flow","APP","4:04 PM","—","Tuesday, November 18, 2025 at 4:04 PM","Call Sweep","TSLA","410","03/20/2026","Call","Ask","350","$1.8M","544","5,812","4 hours ago","",""
"https://cdn.discordapp.com/avatars/1151206734187216996/e9a6358a5ec27523e796b9fcf10c482e.webp?size=80","Cheddar Options Flow","APP","4:12 PM","—","Tuesday, November 18, 2025 at 4:12 PM","Call Sweep","META","580","12/18/2026","Call","Ask","159","$1.9M","174","489","4 hours ago","",""